USE airline_reservations;

-- ---------- AIRPORTS ----------
INSERT INTO AIRPORT (AirportCode, AirportName, City, Country) VALUES
('DEL', 'Indira Gandhi Int''l', 'New Delhi', 'India'),
('BOM', 'Chhatrapati Shivaji Int''l', 'Mumbai', 'India'),
('BLR', 'Kempegowda Int''l', 'Bengaluru', 'India'),
('MAA', 'Chennai Int''l', 'Chennai', 'India'),
('HYD', 'Rajiv Gandhi Int''l', 'Hyderabad', 'India'),
('AMD', 'Sardar Vallabhbhai Patel Int''l', 'Ahmedabad', 'India'),
('MCT', 'Muscat Int''l', 'Muscat', 'Oman'),
('LHR', 'London Heathrow', 'London', 'United Kingdom'),
('JFK', 'John F. Kennedy Int''l', 'New York', 'United States'),
('DXB', 'Dubai Int''l', 'Dubai', 'United Arab Emirates'),
('SYD', 'Kingsford Smith', 'Sydney', 'Australia'),
('NRT', 'Tokyo Narita', 'Tokyo', 'Japan'),
('CDG', 'Charles de Gaulle', 'Paris', 'France'),
('FRA', 'Frankfurt Main', 'Frankfurt', 'Germany'),
('SIN', 'Singapore Changi', 'Singapore', 'Singapore');

-- -- ---------- AIRLINES ----------
INSERT INTO AIRLINES (AirlineID, AirlineName) VALUES
(1, 'Air India'),
(2, 'IndiGo'),
(3, 'SpiceJet'),
(4, 'British Airways'),
(5, 'Emirates'),
(6, 'Oman Air'),
(7, 'United Airlines'),
(8, 'Singapore Airlines');

-- ---------- FLIGHTS ----------
INSERT INTO FLIGHTS (FlightNumber, DepartureAirport, ArrivalAirport, DepTime, ArrTime, AirlineID, Fare) VALUES
('AI101','DEL','BOM','2025-10-01 06:30:00','2025-10-01 09:00:00',1,5500),
('6E201','BOM','DEL','2025-10-01 11:00:00','2025-10-01 13:30:00',2,5200),
('SG301','DEL','BLR','2025-10-02 07:15:00','2025-10-02 09:55:00',3,6200),
('6E202','BLR','DEL','2025-10-02 15:10:00','2025-10-02 17:50:00',2,6100),
('6E304','HYD','MAA','2025-10-03 14:20:00','2025-10-03 15:30:00',2,2900),
('SG305','BOM','BLR','2025-10-04 09:00:00','2025-10-04 11:05:00',3,4500),
('AI306','AMD','DEL','2025-10-04 06:00:00','2025-10-04 08:05:00',1,5000),
('6E307','DEL','AMD','2025-10-04 19:00:00','2025-10-04 21:05:00',2,4900),
('AI701','DEL','DXB','2025-10-05 02:30:00','2025-10-05 05:15:00',1,15500),
('WY254','MAA','MCT','2025-10-06 07:00:00','2025-10-06 08:15:00',6,12000),
('AI702','MCT','MAA','2025-10-06 12:00:00','2025-10-06 15:00:00',1,12500),
('6E602','BOM','MCT','2025-10-07 03:00:00','2025-10-07 04:10:00',2,13500),
('WY201','MCT','BOM','2025-10-07 10:00:00','2025-10-07 14:10:00',6,14000),
('BA801','LHR','DEL','2025-10-01 20:00:00','2025-10-02 08:10:00',4,52000),
('AI803','DEL','LHR','2025-10-02 09:30:00','2025-10-02 19:30:00',1,51000),
('UA820','FRA','JFK','2025-10-03 11:00:00','2025-10-03 15:05:00',7,58000),
('UA821','JFK','FRA','2025-10-04 17:00:00','2025-10-05 06:55:00',7,57500),
('BA107','CDG','DEL','2025-10-05 13:00:00','2025-10-06 03:15:00',4,52500),
('AI904','DEL','CDG','2025-10-06 10:00:00','2025-10-06 20:20:00',1,53000),
('SQ100','SIN','SYD','2025-10-02 22:30:00','2025-10-03 09:10:00',8,47000),
('AI200','NRT','DEL','2025-10-07 00:40:00','2025-10-07 07:10:00',1,42000),
('AI901','DEL','NRT','2025-10-07 11:00:00','2025-10-07 21:30:00',1,41500),
('EK700','DXB','JFK','2025-10-01 02:00:00','2025-10-01 10:30:00',5,68000),
('EK701','JFK','DXB','2025-10-02 12:00:00','2025-10-03 06:55:00',5,69000),
('WY101','MCT','LHR','2025-10-03 09:00:00','2025-10-03 14:30:00',6,41000),
('BA711','LHR','MCT','2025-10-04 22:00:00','2025-10-05 06:30:00',4,42000),
('SQ300','SIN','LHR','2025-10-02 23:50:00','2025-10-03 06:05:00',8,72000),
('UA400','DEL','JFK','2025-10-06 02:00:00','2025-10-06 14:30:00',7,78000),
('AI410','BOM','JFK','2025-10-06 01:00:00','2025-10-06 14:00:00',1,80000),
('UA450','FRA','CDG','2025-10-02 08:00:00','2025-10-02 09:20:00',7,9000),
('BA451','CDG','FRA','2025-10-02 11:00:00','2025-10-02 12:25:00',4,8800),
('6E900','BLR','HYD','2025-10-05 06:40:00','2025-10-05 07:55:00',2,3500),
('SG901','HYD','BLR','2025-10-05 18:30:00','2025-10-05 19:45:00',3,3600),
('6E921','MAA','AMD','2025-10-08 12:00:00','2025-10-08 14:35:00',2,5500),
('SQ951','SIN','DXB','2025-10-04 15:00:00','2025-10-04 21:30:00',8,22500),
('6E208','DEL','BOM','2025-10-01 14:30:00','2025-10-01 17:00:00',2,5300),
('SG209','DEL','BOM','2025-10-01 18:15:00','2025-10-01 20:45:00',3,5100),
('AI210','BOM','BLR','2025-10-02 13:00:00','2025-10-02 15:10:00',1,4600),
('6E211','BLR','BOM','2025-10-02 20:00:00','2025-10-02 22:05:00',2,4550),
('SG212','MAA','HYD','2025-10-03 09:30:00','2025-10-03 10:40:00',3,3000),
('EK510','DEL','DXB','2025-10-05 17:30:00','2025-10-05 20:15:00',5,16200),
('6E511','DEL','DXB','2025-10-05 22:30:00','2025-10-06 01:15:00',2,14900),
('AI520','MAA','MCT','2025-10-06 09:00:00','2025-10-06 10:15:00',1,12200),
('6E521','BOM','MCT','2025-10-07 15:00:00','2025-10-07 16:15:00',2,13700),
('BA830','DEL','LHR','2025-10-02 23:00:00','2025-10-03 09:30:00',4,51500),
('BA832','DEL','LHR','2025-10-03 02:10:00','2025-10-03 11:30:00',4,52000),
('UA840','DEL','FRA','2025-10-06 01:00:00','2025-10-06 08:30:00',7,51000),
('AI804','DEL','CDG','2025-10-06 22:00:00','2025-10-07 08:30:00',1,52800),
('SQ110','DEL','SIN','2025-10-07 20:30:00','2025-10-08 04:40:00',8,35000),
('UA420','DEL','JFK','2025-10-07 05:00:00','2025-10-07 17:15:00',7,77000),
('BA421','DEL','JFK','2025-10-07 01:00:00','2025-10-07 13:45:00',4,78500),
('AI422','BOM','JFK','2025-10-07 03:30:00','2025-10-07 16:00:00',1,81000);